ordem_importacao,user_id,name,email,cpf,phone,user_created_at,registration_created_at,intent_created_at,registration_origin,in_event_window,gap_min_to_nearest_confirmed,classificacao_final,regra_classificacao,score_confianca
1,cmm2u5ypf0002l6dotnobmknd,Junior mulari ,junior.mulari@gmail.com,03821350164,67996422280,2026-02-26 02:20:20.596,2026-02-26 16:07:48.476,2026-02-26 16:07:48.476,attendance_intent,f,588.65,confirmado,presenca_confirmada,100
2,cmm3chu940007l6do64yu6p72,Kamila Fernandes ,kamilafernandes09@hotmail.com,04348801169,,2026-02-26 10:53:27.784,2026-02-26 12:25:31.244,2026-02-26 12:25:31.244,attendance_intent,f,75.53,confirmado,presenca_confirmada,100
3,cmm3eb7fr000al6do72ry9ay3,Camila Araújo Silva,eucaamila@icloud.com,37048300892,13997150330,2026-02-26 11:44:17.512,2026-02-26 12:20:53.53,2026-02-26 12:20:53.53,attendance_intent,f,24.70,confirmado,presenca_confirmada,100
4,cmm3ed2e4000dl6do7uols6oj,Lourdes de Araujo da Silva ,duuda.araujo08@gmail.com,08055867844,13996260118,2026-02-26 11:45:44.285,2026-02-26 12:23:23.573,2026-02-26 12:23:23.573,attendance_intent,f,23.26,confirmado,presenca_confirmada,100
5,cmm3ehlfi000gl6doalwc03yp,Carina Araújo Silva,caarina@icloud.com,42861334860,13996249867,2026-02-26 11:49:15.582,2026-02-26 12:21:52.355,2026-02-26 12:21:52.355,attendance_intent,f,19.74,confirmado,presenca_confirmada,100
6,cmm3f5i23000jl6doukzdt757,Alberta Cardozo,greicequele_aguilar@hotmail.com,74898590187,67999877773,2026-02-26 12:07:50.956,2026-02-26 13:47:15.878,2026-02-26 13:47:15.878,attendance_intent,f,1.15,confirmado,presenca_confirmada,100
7,cmm3f6mhc000ml6do4fr61457,Jenny evellyn Gomes Garcia ,jennyevellyn59@gmail.com,03051197106,67992387516,2026-02-26 12:08:43.344,2026-02-26 12:08:59.806,2026-02-26 12:08:59.806,attendance_intent,f,0.27,confirmado,presenca_confirmada,100
8,cmm3f6rme000nl6dolvqqq1hh,Karoline Tavares Bevilaqua,karoline_bevilaqua@hotmail.com,01952425131,67998498033,2026-02-26 12:08:49.991,2026-02-26 12:09:08.434,2026-02-26 12:09:08.434,attendance_intent,f,0.16,confirmado,presenca_confirmada,100
9,cmm3f7pc3000wl6dol3jjkwkd,Jhennifer Dornelles Machado,dornellesjhennyfer84@gmail.com,70458196177,67992095520,2026-02-26 12:09:33.7,2026-02-26 12:09:54.371,2026-02-26 12:09:54.371,attendance_intent,t,0.34,confirmado,presenca_confirmada,100
10,cmm3f89ek000zl6doraf3ml05,Carlos Eduardo Pacheco dos Santos,andreafalo@yahoo.com.br,28127598879,12997632277,2026-02-26 12:09:59.708,2026-02-26 12:10:17.037,2026-02-26 12:10:17.037,attendance_intent,t,0.09,confirmado,presenca_confirmada,100
11,cmm3f9eb90016l6do3lt07whl,Alisson Fernandes Pereira ,alissonfernandesa11@gmail.com,09323133108,67991792324,2026-02-26 12:10:52.725,2026-02-26 12:13:07.67,2026-02-26 12:13:07.67,attendance_intent,t,0.59,confirmado,presenca_confirmada,100
12,cmm3fa7qp0018l6do5hrvuvwa,Daiana Faria de Oliveira ,daianafaria2017@gmail.com,00355979179,67999158635,2026-02-26 12:11:30.866,2026-02-26 12:49:03.246,2026-02-26 12:49:03.246,attendance_intent,t,1.23,confirmado,presenca_confirmada,100
13,cmm3fafty001dl6do30laukre,jeisiele Andrade,jeisy772010@hotmail.com,05768321110,67999536777,2026-02-26 12:11:41.351,2026-02-26 12:13:48.512,2026-02-26 12:13:48.512,attendance_intent,t,1.41,confirmado,presenca_confirmada,100
14,cmm3fbvvg001kl6do9wypamyw,Izabela Schonhalz,izabela.souza.band@gmail.com,04107872130,67996578546,2026-02-26 12:12:48.797,2026-02-26 12:25:38.824,2026-02-26 12:25:38.824,attendance_intent,t,0.31,confirmado,presenca_confirmada,100
15,cmm3fby7s001ll6do7yevz31a,Keteliy Araujo,keteliyaraujo15@gmail.com,06998743190,67998810248,2026-02-26 12:12:51.833,2026-02-26 12:13:24.091,2026-02-26 12:13:24.091,attendance_intent,t,0.26,confirmado,presenca_confirmada,100
16,cmm3fdgrz001yl6doe6z05gu0,Endy fernandes Pereira ,endyfernandes4@gmail.com,06821550123,67991243684,2026-02-26 12:14:02.543,2026-02-26 12:16:48.038,2026-02-26 12:16:48.038,attendance_intent,t,0.23,confirmado,presenca_confirmada,100
17,cmm3fel0u0025l6dos7c25jju,Skarlatt Silva Dutra,skarlattdutra@icloud.com,03929147190,67991261597,2026-02-26 12:14:54.702,2026-02-26 12:15:05.481,2026-02-26 12:15:05.481,attendance_intent,t,0.18,confirmado,presenca_confirmada,100
18,cmm3ffp1i002el6doi0abt10z,Flávia Freitas,flaviasol_freitas@hotmail.com,05651734139,67981880984,2026-02-26 12:15:46.567,2026-02-26 12:17:56.314,2026-02-26 12:17:56.314,attendance_intent,t,0.68,confirmado,presenca_confirmada,100
19,cmm3fgrv8002sl6do1r9f20it,Juscielli Souza de Assis,jusciellisouza22@gmail.com,07723282184,67981879906,2026-02-26 12:16:36.885,2026-02-26 12:31:22.202,2026-02-26 12:31:22.202,attendance_intent,t,0.19,confirmado,presenca_confirmada,100
20,cmm3fiwci0035l6do8tzsese6,Stheffany Freitas de Menezes,stheffanyfreitas@hotmail.com,06868438192,67999973220,2026-02-26 12:18:16.002,2026-02-26 12:18:26.177,2026-02-26 12:18:26.177,attendance_intent,t,0.17,confirmado,presenca_confirmada,100
21,cmm3fmhq5003dl6doeukqm5jy,Denise Santos,denise.06.sgo@gmail.com,05629526162,67993166435,2026-02-26 12:21:03.678,2026-02-26 12:21:19.017,2026-02-26 12:21:19.017,attendance_intent,t,0.17,confirmado,presenca_confirmada,100
22,cmm3fn2d9003il6dobqiadygy,Mellory larraine Gomes Garcia lindner,mellory17_lorrayne@hotmail.com,03544318113,67999163238,2026-02-26 12:21:30.429,2026-02-26 12:21:43.576,2026-02-26 12:21:43.576,attendance_intent,t,0.19,confirmado,presenca_confirmada,100
23,cmm3fonr7003pl6do4y4dozqy,Sandy Souza zanata ,sandyzanata.ssz@gmail.com,06538764169,67996160075,2026-02-26 12:22:44.803,2026-02-26 12:25:57.595,2026-02-26 12:25:57.595,attendance_intent,t,0.65,confirmado,presenca_confirmada,100
24,cmm3fp75d003ql6doa789edf6,Susana Castro da Silva,susanacastrosouza@gmail.com,09897883185,67996056487,2026-02-26 12:23:09.937,2026-02-26 14:29:02.116,2026-02-26 14:29:02.116,attendance_intent,t,0.23,confirmado,presenca_confirmada,100
25,cmm3fpqqv003vl6doe4f77512,Emanueli Pimentel,pimentelemanueli134@gmail.com,06524196155,67998898018,2026-02-26 12:23:35.335,2026-02-26 12:23:46.58,2026-02-26 12:23:46.58,attendance_intent,t,0.19,confirmado,presenca_confirmada,100
26,cmm3fqh0m0042l6do6ndvdns9,ROSENILDA DA COSTA DE SOUZA,jusciellisouza09@gmail.com,02044329107,67999006589,2026-02-26 12:24:09.382,2026-02-26 12:24:50.911,2026-02-26 12:24:50.911,attendance_intent,t,0.38,confirmado,presenca_confirmada,100
27,cmm3fs5q7004al6dobl0d3ypb,Roseli da silva goncales ,roselis860@gmail.com,07181953109,67996127539,2026-02-26 12:25:28.063,2026-02-26 12:25:49.935,2026-02-26 12:25:49.935,attendance_intent,t,0.05,confirmado,presenca_confirmada,100
28,cmm3fumzh004ol6dod7vepnk0,Ellen Barbosa,ellenbarbosaband2018@gmail.com,02530809160,67999286408,2026-02-26 12:27:23.742,2026-02-26 12:27:40.178,2026-02-26 12:27:40.178,attendance_intent,t,0.27,confirmado,presenca_confirmada,100
29,cmm3fxvyp004tl6do0r03s0wo,Kamily Kaap Padilha,kamikaap@gmail.com,07765931105,67999138570,2026-02-26 12:29:55.346,2026-02-26 12:33:23.92,2026-02-26 12:33:23.92,attendance_intent,t,0.32,confirmado,presenca_confirmada,100
30,cmm3fy679004ul6do6t8sqacn,Joyci Kely Gomes de Freitas,Joycikely23@gmail.com,00336659156,67996116320,2026-02-26 12:30:08.614,2026-02-26 12:30:14.466,2026-02-26 12:30:14.466,attendance_intent,t,0.10,confirmado,presenca_confirmada,100
31,cmm3fz0j10051l6do5s6sqs1o,Laissa Trezzi,laissa_trezzi@hotmail.com,04104758159,67996499314,2026-02-26 12:30:47.918,2026-02-26 12:31:01.852,2026-02-26 12:31:01.852,attendance_intent,t,0.23,confirmado,presenca_confirmada,100
32,cmm3g12ft0059l6do2bjk6seh,Natiele,natiele_timoteo@hotmail.com,04605751122,6732611644,2026-02-26 12:32:23.705,2026-02-26 12:34:19.464,2026-02-26 12:34:19.464,attendance_intent,t,1.00,confirmado,presenca_confirmada,100
33,cmm3g8jzh005gl6dotr298f1c,Luciana Faustino de souza,lucianafaustinolu818@gmail.com,05468010135,67996344079,2026-02-26 12:38:13.037,2026-02-26 13:43:47.452,2026-02-26 13:43:47.452,attendance_intent,t,3.89,confirmado,presenca_confirmada,100
34,cmm3gcg6j005kl6do81ccfxb7,Vagna,profvagna@gmail.com,63869489120,67998110857,2026-02-26 12:41:14.731,2026-02-26 12:42:16.087,2026-02-26 12:42:16.087,attendance_intent,t,1.02,confirmado,presenca_confirmada,100
35,cmm3ggvps005ul6do78o597r8,Danieli Lay,danielylay@hotmail.com,05751402910,46984008545,2026-02-26 12:44:41.488,2026-02-26 13:12:45.403,2026-02-26 13:12:45.403,attendance_intent,t,1.50,confirmado,presenca_confirmada,100
36,cmm3ghu87005vl6dok5lpzd9d,Eliete Lopes da silva,elietelopessilva0812@gmail.com,33820643168,67996730382,2026-02-26 12:45:26.215,2026-02-26 12:46:11.23,2026-02-26 12:46:11.23,attendance_intent,t,0.75,confirmado,presenca_confirmada,100
37,cmm3gkii30065l6doy67swywm,Jainy de Andrade Weber ,jainyandrade@outlook.com,06713841120,67981559603,2026-02-26 12:47:30.988,2026-02-26 13:40:09.828,2026-02-26 13:40:09.828,attendance_intent,t,1.33,confirmado,presenca_confirmada,100
38,cmm3gm4uc0068l6do7soop23s,Jaqueline Prado Ferraz,jaque.prado.ferraz@gmail.com,07412786180,67996224759,2026-02-26 12:48:46.597,2026-02-26 13:10:42.486,2026-02-26 13:10:42.486,attendance_intent,t,0.28,confirmado,presenca_confirmada,100
39,cmm3gmq2u006dl6dok1fsqbix,Karla Alves Leite ,alvesleitek@gmail.com,05070887602,67999028487,2026-02-26 12:49:14.118,2026-02-26 12:50:52.632,2026-02-26 12:50:52.632,attendance_intent,t,0.18,confirmado,presenca_confirmada,100
40,cmm3gnder006el6doapzxx8rq,Adrielle Timóteo ,adrielle_rossales@hotmail.com,04605961100,67996877459,2026-02-26 12:49:44.355,2026-02-26 12:50:56.862,2026-02-26 12:50:56.862,attendance_intent,t,0.69,confirmado,presenca_confirmada,100
41,cmm3gq2ge006tl6douj2wokrl,VANESSA SOUZA DA SILVA ZANINI,NESSA.CF@GMAIL.COM,02038325154,67996720602,2026-02-26 12:51:50.126,2026-02-26 12:58:29.884,2026-02-26 12:58:29.884,attendance_intent,t,0.89,confirmado,presenca_confirmada,100
42,cmm3h266s007el6dobte5k4nq,JOSIANE NASCIMENTO VILA,josiianevila@gmail.com,04755711185,67999464619,2026-02-26 13:01:14.837,2026-02-26 13:14:24.81,2026-02-26 13:14:24.81,attendance_intent,t,2.75,confirmado,presenca_confirmada,100
43,cmm3h71tg007kl6dot8lbkt2e,Vanessa Paula Dedavid,vanessinha_dedavid@hotmail.com,66263549149,67996343507,2026-02-26 13:05:02.453,2026-02-26 13:06:11.735,2026-02-26 13:06:11.735,attendance_intent,t,1.15,confirmado,presenca_confirmada,100
44,cmm3hjr4m0087l6dospoavis9,adilei nogueira,ddleijn@gmail.com,00255790104,67992232261,2026-02-26 13:14:55.126,2026-02-26 13:17:37.747,2026-02-26 13:17:37.747,attendance_intent,t,0.51,confirmado,presenca_confirmada,100
45,cmm3hl4rq0088l6doge4jjhim,Ana Caroline Ferreira do Carmo ,anacarolineferreiradocarmo25@gmail.com,07251827174,67996629512,2026-02-26 13:15:59.463,2026-02-26 13:17:11.792,2026-02-26 13:17:11.792,attendance_intent,t,1.21,confirmado,presenca_confirmada,100
46,cmm3hq9ft008hl6do03dgbmiq,Elida de Barros Bruno ,elida.hsbc@gmail.com,00003173143,67996605318,2026-02-26 13:19:58.793,2026-02-26 13:33:25.655,2026-02-26 13:33:25.655,attendance_intent,t,2.35,confirmado,presenca_confirmada,100
47,cmm3hxssx008pl6dor8gr5m2v,Raquel Oliveira,raquel.marcolino18@gmail.com,55436595120,67991114048,2026-02-26 13:25:50.481,2026-02-26 13:26:28.454,2026-02-26 13:26:28.454,attendance_intent,t,0.63,confirmado,presenca_confirmada,100
48,cmm3i1a3c0096l6doozv6a0ip,Adriele da Silva Sandim,aadrielesandim@gmail.com,05285297141,67991370839,2026-02-26 13:28:32.857,2026-02-26 13:29:27.277,2026-02-26 13:29:27.277,attendance_intent,t,0.91,confirmado,presenca_confirmada,100
49,cmm3i3xuz009bl6doeefumbrj,Adrielly Aparecida de Castro Centurião ,drikinhaejoao@gmail.com,05919187140,67998467971,2026-02-26 13:30:36.971,2026-02-26 21:38:29.732,2026-02-26 21:38:29.732,attendance_intent,t,1.16,confirmado,presenca_confirmada,100
50,cmm3i596j009el6doi73sugqx,Talita Espíndola batalha ,tltespindola17@gmail.com,70685113175,67996960117,2026-02-26 13:31:38.299,2026-02-27 00:09:56.23,2026-02-27 00:09:56.23,attendance_intent,t,1.79,confirmado,presenca_confirmada,100
51,cmm3i85ac009ll6doc7m1csho,Ana Paula Gasparetto,anagasparetto@hotmail.com,72627590197,67996707227,2026-02-26 13:33:53.22,2026-02-26 23:25:19.158,2026-02-26 23:25:08.507,original,t,0.46,confirmado,presenca_confirmada,100
52,cmm3icfjv009ol6do1cbfvhdn,Edleuza Vidal Borges,edleuza_@hotmail.com,00395893151,67999891820,2026-02-26 13:37:13.148,2026-02-26 13:37:41.404,2026-02-26 13:37:41.404,attendance_intent,t,0.47,confirmado,presenca_confirmada,100
53,cmm3iexuv009tl6do1zkfd8to,maria eduarda batista,mariaeduardabatista256@gmail.com,06033237153,67999550443,2026-02-26 13:39:10.184,2026-02-26 13:39:24.272,2026-02-26 13:39:24.272,attendance_intent,t,0.23,confirmado,presenca_confirmada,100
54,cmm3if34g009ul6doqrft34tg,Jéssica Pereira,jepereira43@gmail.com,03604145163,67999471760,2026-02-26 13:39:17.008,2026-02-26 13:41:22.272,2026-02-26 13:41:22.272,attendance_intent,t,0.12,confirmado,presenca_confirmada,100
55,cmm3ih3wn00a6l6dovqx7aeha,Greicequele Cardozo Aguilar Kusiak,greicequele_lol@hotmail.com,04124551100,67999877773,2026-02-26 13:40:51.336,2026-02-26 13:45:26.567,2026-02-26 13:45:26.567,attendance_intent,t,0.52,confirmado,presenca_confirmada,100
56,cmm3il5s700adl6douw9f96lq,luara vitoria barbosa luiz ,mariaeduarda0807@gmail.com,08819754193,67996240418,2026-02-26 13:44:00.392,2026-02-26 13:44:06.652,2026-02-26 13:44:06.652,attendance_intent,t,0.10,confirmado,presenca_confirmada,100
57,cmm3isqfr00arl6dowg9eoeez,Andresa Pinheiro da Gama,andresagama@hotmail.com,04718574161,67998801973,2026-02-26 13:49:53.751,2026-02-26 13:51:11.276,2026-02-26 13:51:11.276,attendance_intent,t,1.29,confirmado,presenca_confirmada,100
58,cmm3jmb4z00bbl6doctcn1dod,Marli Cruz lima,lia_lj32@yahoo.com.br,00661839109,67999476227,2026-02-26 14:12:53.603,2026-02-26 14:13:11.849,2026-02-26 14:13:11.849,attendance_intent,t,0.30,confirmado,presenca_confirmada,100
59,cmm3jzlk000bkl6do2mvqo2fp,Lucineia benites Matias ,lucineiabenites4@gmail.com,92862764191,67999021799,2026-02-26 14:23:13.633,2026-02-26 14:23:30.456,2026-02-26 14:23:30.456,attendance_intent,t,0.28,confirmado,presenca_confirmada,100
60,cmm3k0ofc00bpl6docvzomgs0,Josiane Souza Gomes Schonhalz ,josiane-schonhalz@hotmail.com,02497299110,67998205427,2026-02-26 14:24:04.008,2026-02-26 14:25:54.676,2026-02-26 14:25:54.676,attendance_intent,t,0.56,confirmado,presenca_confirmada,100
61,cmm3lmg3c00cbl6do3avia3ok,Andreza Kellen Fernandes Rodrigues ,andrezakellen203@gmail.com,03421076154,67982012904,2026-02-26 15:08:59.257,2026-02-26 15:10:01.009,2026-02-26 15:10:01.009,attendance_intent,t,1.03,confirmado,presenca_confirmada,100
62,cmm3nil7n00ckl6dok11nboye,Suyane Cardoso dias ,silvasuyane777@gmail.com,10281927111,67993135517,2026-02-26 16:01:58.499,2026-02-26 16:03:35.047,2026-02-26 16:03:35.047,attendance_intent,t,1.40,confirmado,presenca_confirmada,100
63,cmm3njcwo00cll6dojyhjgqku,Aline de Brito,debritoaline025@gmail.com,06422236107,67998478590,2026-02-26 16:02:34.392,2026-02-26 16:03:22.286,2026-02-26 16:03:22.286,attendance_intent,t,0.80,confirmado,presenca_confirmada,100
64,cmm3nqyb400czl6dokw9paj2w,Gabrielly leite Souza ,martellogabrielly@gmail.com,03912188165,,2026-02-26 16:08:28.72,2026-02-26 16:08:44.623,2026-02-26 16:08:44.623,attendance_intent,t,0.27,confirmado,presenca_confirmada,100
65,cmm3nvvz900d6l6do4w676jtl,Bianca Soares dos Reis ,biancaprofessoradearte@gmail.com,01851549137,67996030025,2026-02-26 16:12:18.981,2026-02-26 16:12:46.39,2026-02-26 16:12:46.39,attendance_intent,t,0.46,confirmado,presenca_confirmada,100
66,cmm3q6bi800dtl6dolxcg6yua,Maria Conceição santandel ,mariasantandel@hotmail.com,97882828149,67999438905,2026-02-26 17:16:24.896,2026-02-26 17:17:27.335,2026-02-26 17:17:27.335,attendance_intent,t,1.04,confirmado,presenca_confirmada,100
67,cmm3q8cio00dwl6dor60cvzjh,Magda,magdahonorio130309@gmail.com,05677597171,67998644222,2026-02-26 17:17:59.521,2026-02-26 17:18:36.416,2026-02-26 17:18:36.416,attendance_intent,t,0.54,confirmado,presenca_confirmada,100
68,cmm3qud0c00e3l6dowtgtaad5,Giovana Milena,mihg130309@gmail.com,10314839186,67993497718,2026-02-26 17:35:06.589,2026-02-26 17:35:20.677,2026-02-26 17:35:20.677,attendance_intent,t,0.23,confirmado,presenca_confirmada,100
69,cmm3ry3cg00eal6dogvrcfzul,Ana paula santana montalvao,brendha.heitthor@gmail.com,06860268107,67996125263,2026-02-26 18:06:00.304,2026-02-26 18:06:40.311,2026-02-26 18:06:40.311,attendance_intent,t,0.67,confirmado,presenca_confirmada,100
70,cmm3u8i7z00enl6doxxfysiav,Andressa da Silva Lima ,andressalma290@gmail.com,05639510102,67996391608,2026-02-26 19:10:05.375,2026-02-26 19:12:03.198,2026-02-26 19:12:03.198,attendance_intent,t,1.96,confirmado,presenca_confirmada,100
71,cmm3vhrua0008l6dqp99x234p,Gabrie,zanatag396@gmail.com,07203996107,67998780906,2026-02-26 19:45:17.362,2026-02-26 19:45:31.604,2026-02-26 19:45:31.604,attendance_intent,t,0.24,confirmado,presenca_confirmada,100
72,cmm3vitma000bl6dqcg0c91xd,Andresa Luiza Aparecida dias Rogério ,andresaladrnutri@gmail.com,01161142150,67992898981,2026-02-26 19:46:06.322,2026-02-26 19:55:29.091,2026-02-26 19:55:29.091,attendance_intent,t,0.58,confirmado,presenca_confirmada,100
73,cmm437uwd0000l6dmjtk7sayb,Francieli Rodrigues,francielilouveirarodrigues@gmail.com,04461438120,67999249462,2026-02-26 23:21:31.693,2026-02-26 23:21:55.107,,original,t,0.39,confirmado,inscricao_sem_presenca_confirmada,100
74,cmm452nkw000bl6dmft6kxua5,Leonardo Gomes Mota ,lgmota34@gmail.com,05628892130,,2026-02-27 00:13:28.16,2026-02-27 00:14:12.479,,original,t,0.74,confirmado,inscricao_sem_presenca_confirmada,100
75,cmm458gpn000el6dm44cej7q1,GLAUCIA Costa,glauciaedaviaugusto@gmail.com,03089510189,67999003192,2026-02-27 00:17:59.196,2026-02-27 00:19:03.391,,original,t,1.07,confirmado,inscricao_sem_presenca_confirmada,100
76,cmm466bef000jl6dmt37242m9,Iolanda Barbosa de Souza Moreira ,iolanda97moreira@gmail.com,03482973199,,2026-02-27 00:44:18.615,2026-02-27 00:45:33.819,,original,t,1.25,confirmado,inscricao_sem_presenca_confirmada,100
77,cmm46d252000ml6dm51edl60a,Maria Eduarda ,mariaeduardaazevedo190@gmail.com,08235476126,67998750550,2026-02-27 00:49:33.207,2026-02-27 00:50:12.916,2026-02-27 00:50:24.844,original,t,0.66,confirmado,presenca_confirmada,100
78,cmm3f9n0j0017l6do7eu2bg0r,Carla de Fátima Varela Coelho ,carlla_varella@hotmail.com,05278329106,67992639229,2026-02-26 12:11:04.003,,,,t,0.78,possivel_alto,janela_evento+proximidade<=5min,95
79,cmm3fdint001zl6dobi1qrb3l,THAIS BENITES FERNANDES ROSA,thaty_thaisbenites@hotmail.com,05986765117,67998344008,2026-02-26 12:14:04.985,,,,t,0.27,possivel_alto,janela_evento+proximidade<=5min,98
80,cmm3fdvn10020l6doxrlbid2h,Ana Flávia Ferraz trindade ,ana1998flavia@hotmail.com,06774642152,66996319747,2026-02-26 12:14:21.805,,,,t,0.55,possivel_alto,janela_evento+proximidade<=5min,97
81,cmm3ffjqe002cl6dov48vrkq3,Vitória Carolina Zanetti Zanandrea ,vitoriacarolinazanetti@hotmail.com,05485259197,67984365222,2026-02-26 12:15:39.687,,,,t,0.57,possivel_alto,janela_evento+proximidade<=5min,97
82,cmm3ffk3y002dl6doxawsgruh,Paola de Lima,paoladelima25@gmail.com,09506778922,67998819469,2026-02-26 12:15:40.174,,,,t,0.58,possivel_alto,janela_evento+proximidade<=5min,97
83,cmm3fg0mr002hl6dol2uds6xf,JESSICA BENITES FERNANDES ROSA,jessicabenites48@gmail.com,05105139135,67998344008,2026-02-26 12:16:01.588,,,,t,0.77,possivel_alto,janela_evento+proximidade<=5min,95
84,cmm3fhe5u002vl6doz0pkt9y1,Sandra Cristina Rodrigues Ferraz ,sandracrferraz@hotmail.com,28515315149,66996035169,2026-02-26 12:17:05.779,,,,t,0.30,possivel_alto,janela_evento+proximidade<=5min,98
85,cmm3fisd20034l6doj666z6we,Marco Antonio Pitaluga Abrantes ,marcopabrantes71@gmail.com,05789479197,67998576128,2026-02-26 12:18:10.839,,,,t,0.24,possivel_alto,janela_evento+proximidade<=5min,99
86,cmm3fkz3k0038l6do7rrayrpg,Caroline Pereira Gomes Vieira ,carol_hand9@hotmail.com,05810615198,67998525928,2026-02-26 12:19:52.88,,,,t,1.01,possivel_alto,janela_evento+proximidade<=5min,94
87,cmm3frrsd0047l6dou65pkk78,Ana Cristina Gomes Menezes,anacgmenezess@gmail.com,96532149004,67996976094,2026-02-26 12:25:09.998,,,,t,0.32,possivel_alto,janela_evento+proximidade<=5min,98
88,cmm3fu454004ll6do00ktnhxg,Rawany de Andrade Weber ,rawandrade@outlook.com,06713791190,67981667845,2026-02-26 12:26:59.32,,,,t,0.68,possivel_alto,janela_evento+proximidade<=5min,96
89,cmm3fzzsw0058l6doedy6ibbr,Luiz Felipe Garcia Vieira,luizfelipegarciavieira@gmail.com,11242130152,67996727135,2026-02-26 12:31:33.633,,,,t,0.19,possivel_alto,janela_evento+proximidade<=5min,99
90,cmm3ga3jl005hl6doel82mxpl,Iriá Niedermeyer,iria_nie@hotmail.com,02219188175,67999385055,2026-02-26 12:39:25.041,,,,t,2.85,possivel_alto,janela_evento+proximidade<=5min,83
91,cmm3gg73h005rl6dowc3fi66s,Graziela Gatti ,grazi_elagatti@outlook.com,07826135940,46999310080,2026-02-26 12:44:09.581,,,,t,1.89,possivel_alto,janela_evento+proximidade<=5min,89
92,cmm3gk0db0062l6do6pzkwvo8,Laudeline Baez campossano ,laudeline.baez@gmail.com,03412392162,,2026-02-26 12:47:07.487,,,,t,0.94,possivel_alto,janela_evento+proximidade<=5min,94
93,cmm3goxnc006nl6doogny5jpy,Joyce Diniz,joycekdiniz@hotmail.com,02056926130,67992296177,2026-02-26 12:50:57.24,,,,t,0.01,possivel_alto,janela_evento+proximidade<=5min,100
94,cmm3gptgp006sl6docjgeoeva,Marlene Barbosa de melo scariot ,marlenescariot@hotmail.com,35669578104,,2026-02-26 12:51:38.474,,,,t,0.69,possivel_alto,janela_evento+proximidade<=5min,96
95,cmm3gr8wd006ul6do1jn4owlp,IVONETE ROSA DE SOUZA,NESSA.CG@GMAIL.COM,60121734153,67996720608,2026-02-26 12:52:45.134,,,,t,1.80,possivel_alto,janela_evento+proximidade<=5min,89
96,cmm3gv5od006xl6doeybmuaer,Naieli Ferreira de Andrade Rosan ,naielirosan@icloud.com,05653041190,67996846320,2026-02-26 12:55:47.581,,,,t,2.71,possivel_alto,janela_evento+proximidade<=5min,84
97,cmm3gwszu0076l6dos6159yk5,Orocelia De Souza Mendonça,oroceliadesouzamendonca47@gmail.com,46603085100,67981066019,2026-02-26 12:57:04.458,,,,t,1.42,possivel_alto,janela_evento+proximidade<=5min,91
98,cmm3gymcv0079l6doiwoneg5z,Marciley Pitaluga,marcileypbarbosa@gmail.com,02113885131,67999340320,2026-02-26 12:58:29.168,,,,t,0.01,possivel_alto,janela_evento+proximidade<=5min,100
99,cmm3h559n007hl6doqpuqb3xj,Larissa,larissa_roznieski@yahoo.com.br,07260116145,67999519640,2026-02-26 13:03:33.611,,,,t,2.64,possivel_alto,janela_evento+proximidade<=5min,84
100,cmm3h7aoc007ll6dofojz8ish,Sheury Dutra,sheurydutra018@gmail.com,09057232103,67996616522,2026-02-26 13:05:13.932,,,,t,0.96,possivel_alto,janela_evento+proximidade<=5min,94
101,cmm3hfy4k007sl6doh513zvg3,Franciely Leite Souza ,francyramos1@hotmail.com,95797777134,67999447952,2026-02-26 13:11:57.573,,,,t,0.80,possivel_alto,janela_evento+proximidade<=5min,95
102,cmm3hg9xu007tl6do8zsiuf99,Allyson Natan Rodrigues Pereira,allysonnrp99@gmail.com,05461980155,67999013922,2026-02-26 13:12:12.882,,,,t,0.54,possivel_alto,janela_evento+proximidade<=5min,97
103,cmm3hhmpz0080l6do6meaqjow,Sônia Maria de Andrade ,soniamandrade.12@gmail.com,59238879168,67991278255,2026-02-26 13:13:16.104,,,,t,0.51,possivel_alto,janela_evento+proximidade<=5min,97
104,cmm3hqspf008il6do0x25dx7d,jocieli Dalagua,jocielilimaa@gmail.com,04114083138,67996947052,2026-02-26 13:20:23.763,,,,t,2.77,possivel_alto,janela_evento+proximidade<=5min,83
105,cmm3hwnl6008ll6dosl4g616b,Gabriella Canever Boaroli,gabrielacanever@hotmail.com,08127767980,45984132188,2026-02-26 13:24:57.066,,,,t,1.52,possivel_alto,janela_evento+proximidade<=5min,91
106,cmm3hww2m008ml6doqz6gyn48,Evellyn Yonaha,yonahaevellyn15@gmail.com,07741781162,67999509217,2026-02-26 13:25:08.062,,,,t,1.34,possivel_alto,janela_evento+proximidade<=5min,92
107,cmm3hxtdh008ql6dovy97a46e,Lucelia Aparecida Gomes Fernandes de Amorim,lucelia-agf-ies@hotmail.com,03144325155,6796858770,2026-02-26 13:25:51.221,,,,t,0.62,possivel_alto,janela_evento+proximidade<=5min,96
108,cmm3i00ee0093l6doe8v232yg,Emanu,amorimemanuelly982@gmail.com,09519148124,,2026-02-26 13:27:33.638,,,,t,1.09,possivel_alto,janela_evento+proximidade<=5min,93
109,cmm3igkd200a3l6doa8b70439,eslaine Sousa Cruz ,eslainesousa1996@gmail.com,06908404110,67981744793,2026-02-26 13:40:26.006,,,,t,0.27,possivel_alto,janela_evento+proximidade<=5min,98
110,cmm3ipnpw00aml6dobk67i04i,Gediana Ribeiro da Rocha ,gediana23@yahoo.com.br,94373892172,67992953413,2026-02-26 13:47:30.26,,,,t,0.24,possivel_alto,janela_evento+proximidade<=5min,99
111,cmm3iy4ak00awl6doqcl5u73l,Sara Aline Tavares de Almeida ,saraline92@gmail.com,03829548150,67996228388,2026-02-26 13:54:04.988,,,,t,2.90,possivel_alto,janela_evento+proximidade<=5min,83
112,cmm3jhi3r00b3l6dopuk0f0b1,Jéssica Thais Eichelberger,jessica_sgo@hotmail.com,05527100166,,2026-02-26 14:09:09.352,,,,t,4.04,possivel_alto,janela_evento+proximidade<=5min,76
113,cmm3jllt200bal6dozke6bfbv,Gabrielly Amancio Soares,gabyamanciosoares@gmail.com,07274987119,67999565687,2026-02-26 14:12:20.775,,,,t,0.85,possivel_alto,janela_evento+proximidade<=5min,95
114,cmm3jmspn00bgl6doh60dcl75,Renan Campos Nunes,renancnunes@gmail.com,01851389180,67996495091,2026-02-26 14:13:16.38,,,,t,0.08,possivel_alto,janela_evento+proximidade<=5min,100
115,cmm3jy12800bjl6dospee33fw,ANDERLEIA ROCHA DA SILVA,anderleia.marcos.m@gmail.com,05567161166,67999038353,2026-02-26 14:22:00.416,,,,t,1.50,possivel_alto,janela_evento+proximidade<=5min,91
116,cmm3lil3d00c8l6doo2ztxypa,Suzieli Soares Marques ,suzimodas10@outlook.com,03619275173,67999595756,2026-02-26 15:05:59.113,,,,t,4.03,possivel_alto,janela_evento+proximidade<=5min,76
117,cmm3lmi9h00ccl6doh7qfr8ut,Regiane vanessa  de freitas rodrigues sansanovicz,regiane.vanessa@ufms.br,29013767893,67993301469,2026-02-26 15:09:02.069,,,,t,0.98,possivel_alto,janela_evento+proximidade<=5min,94
118,cmm3no52o00cwl6docz204jfq,Laiane tomaz,laianeedivaldo623@gmail.com,06069008103,67998027650,2026-02-26 16:06:17.521,,,,t,1.52,possivel_alto,janela_evento+proximidade<=5min,91
119,cmm3o12wa00dbl6dodmzceok0,Gabriele dorta de Campos Souza ,gabrieledortac@gmail.com,06925271174,67996979675,2026-02-26 16:16:21.227,,,,t,3.58,possivel_alto,janela_evento+proximidade<=5min,79
120,cmm3vgzz00006l6dqq1gwxkky,Ingridy Meirelles arantes ,meirellesarantesi@gmail.com,06539259131,67998065787,2026-02-26 19:44:41.244,,,,t,0.84,possivel_alto,janela_evento+proximidade<=5min,95
121,cmm3vhgnk0007l6dqrps9kke5,Hysadora Dutra Marques,hysadorad@gmail.com,06833295107,67993528161,2026-02-26 19:45:02.865,,,,t,0.48,possivel_alto,janela_evento+proximidade<=5min,97
122,cmm3vkm6k000el6dqksix2heg,Ilenilda Rocha,ilenildarocha@gmail.com,01962866114,67996447306,2026-02-26 19:47:29.996,,,,t,1.97,possivel_alto,janela_evento+proximidade<=5min,88
123,cmm3j41vb00azl6dox20l5jpq,Marilaine Alves Da Silva,marilainealves615@gmail.com,09005733179,67998053806,2026-02-26 13:58:41.783,,,,t,7.51,possivel_demais,janela_evento+proximidade>5min,61
124,cmm3jey2h00b2l6do1afcg1v4,Gracielle Barbosa Alves,gracielleb.alves@gmail.com,02610583125,67999226443,2026-02-26 14:07:10.074,,,,t,6.03,possivel_demais,janela_evento+proximidade>5min,63
125,cmm3knmce00bwl6doktw42euf,Ricardo Maia dos Santos,ripps23@hotmail.com,68888180125,,2026-02-26 14:41:54.399,,,,t,12.87,possivel_demais,janela_evento+proximidade>5min,55
126,cmm3kqpq900bzl6do56ddyfep,Isabelly Dias,diasisabelly563@gmail.com,05559613118,67996851572,2026-02-26 14:44:18.754,,,,t,15.28,possivel_demais,janela_evento+proximidade>5min,52
127,cmm3l216k00c2l6doksb6fa6j,ROSA HELENA BORGES DA SILVA,borgesrosa995@gmail.com,03875162129,67996569379,2026-02-26 14:53:06.813,,,,t,16.90,possivel_demais,janela_evento+proximidade>5min,50
128,cmm3l6erf00c5l6dohqonmraj,rafael vieira rodrigues,rafael_enecol@hotmail.com,74203630134,67999797060,2026-02-26 14:56:31.036,,,,t,13.50,possivel_demais,janela_evento+proximidade>5min,54
129,cmm3m6pb600chl6doje50xu6r,Luana Oliveira De Souza,lorezoluh@gmail.com,06430435199,67993104508,2026-02-26 15:24:44.322,,,,t,14.72,possivel_demais,janela_evento+proximidade>5min,52
130,cmm3oeg1x00dcl6doqx3eqk71,Geovanna Alves,martinesgeovanna43@gmail.com,08471670119,67998719867,2026-02-26 16:26:44.805,,,,t,13.97,possivel_demais,janela_evento+proximidade>5min,53
131,cmm3okyfe00dfl6doff32eo95,Maria Venancia,psi.mariavenancia@gmail.com,55504175100,,2026-02-26 16:31:48.554,,,,t,19.04,possivel_demais,janela_evento+proximidade>5min,47
132,cmm3oq0nq00dkl6doz51vd62c,Julya  Victoria Lemes do prado,lemesjulya56@gmail.com,90158580125,55679949013,2026-02-26 16:35:44.726,,,,t,22.97,possivel_demais,janela_evento+proximidade>5min,42
133,cmm3osq1d00dll6doiw9ir7t9,Carlos Vinicius Amorim,Carlosvini_5@hotmail.com,04972432101,67996241525,2026-02-26 16:37:50.93,,,,t,25.08,possivel_demais,janela_evento+proximidade>5min,40
134,cmm3p8imy00dql6doebwbpsx3,Leonardo Nunes de Souza Silvério ,leonardodesouzasilverio@gmail.com,09044773127,67998814197,2026-02-26 16:50:07.834,,,,t,27.33,possivel_demais,janela_evento+proximidade>5min,40
135,cmm3t78t300ejl6dojsjxo4bx,Zulene Ferreira Diniz Ferraz ,zulenediniz@hotmail.com,40415899168,67996144284,2026-02-26 18:41:06.903,,,,t,30.94,possivel_demais,janela_evento+proximidade>5min,40
136,cmm3tewco00ekl6dovvy13taj,Estefane Moreira,estefanemoreiradasilva2009@gmail.com,11708049185,67993190681,2026-02-26 18:47:04.008,,,,t,24.99,possivel_demais,janela_evento+proximidade>5min,40
137,cmm3uzgqz0000l6dqezbgk6h3,ELIANE ZECCHIN POZZEBON NEGRÃO,elianenegrao82@gmail.com,03692578989,67999028553,2026-02-26 19:31:03.179,,,,t,14.47,possivel_demais,janela_evento+proximidade>5min,53
138,cmm3v0yw10001l6dq2rkezfhd,Afonsa amara,samaranascimentoband@gmail.com,05133040105,67997314155,2026-02-26 19:32:13.346,,,,t,13.30,possivel_demais,janela_evento+proximidade>5min,54
139,cmm3xxn2s000pl6dqg4oy0reu,Ryan arantes arcanjo ,ryanarantesarcanjo20.09@gmail.com,05884935110,67996816373,2026-02-26 20:53:36.917,,,,t,44.88,possivel_demais,janela_evento+proximidade>5min,40
140,cmm3xyulr000ql6dq50y68tja,Stephany Souza,stephanysouza639@gmail.com,04700809140,67998369387,2026-02-26 20:54:33.327,,,,t,43.94,possivel_demais,janela_evento+proximidade>5min,40
141,cmm3y0x7y000rl6dqc3dvhfqs,Yuri Agostinho Santana dos Santos ,1310yure@gmail.com,08779452175,67996002836,2026-02-26 20:56:10.031,,,,t,42.33,possivel_demais,janela_evento+proximidade>5min,40
142,cmm3yvpz9000ul6dqrvwa35mw,Luiz Fernando Coelho de lima,fer991727@gmail.com,07847168111,67999038028,2026-02-26 21:20:06.982,,,,t,18.38,possivel_demais,janela_evento+proximidade>5min,48
143,cmm401zn7000zl6dqdcvswwqj,Carolina Freitas Borba Estigarribia ,carolinafbestigarribia@gmail.com,02973145139,67999965639,2026-02-26 21:52:59.059,,,,t,14.49,possivel_demais,janela_evento+proximidade>5min,53
144,cmm40fwt50012l6dq67jw1rs7,Lais Heredis de lima ,laisheredisdelima@gmail.com,07296145145,67997154762,2026-02-26 22:03:48.57,,,,t,25.31,possivel_demais,janela_evento+proximidade>5min,40
145,cmm0vwoso0000l6h57qg24qiy,Lucas Batista de Barros,barros.blucas@gmail.com,04405023140,67992916872,2026-02-24 17:33:34.729,,,,f,2555.42,fora_escopo,fora_janela_evento,0
